{
  "books": [
    {
      "id": 1,
      "title": "Последнее королевство",
      "author": "Бернард Корнуэлл",
      "genres": [
        "приключения"
      ],
      "rating": 8.38
    },
    {
      "id": 2,
      "title": "На берегу спокойных вод",
      "author": "Роберт Шекли",
      "genres": [
        "фантастика"
      ],
      "rating": 8.51
    },
    {
      "id": 3,
      "title": "Пожиратель призраков",
      "author": "Говард Лавкрафт",
      "genres": [
        "ужасы",
        "мистика"
      ],
      "rating": 7.94
    },
    {
      "id": 4,
      "title": "Разоблаченный проходимец",
      "author": "Франц Кафка",
      "genres": [
        "классика"
      ],
      "rating": 6.62
    },
    {
      "id": 5,
      "title": "Два солнца",
      "author": "Леонид Кудрявцев",
      "genres": [
        "фантастика"
      ],
      "rating": 6.36
    },
    {
      "id": 6,
      "title": "Сон смешного человека",
      "author": "Федор Достоевский",
      "genres": [
        "классика"
      ],
      "rating": 7.75
    },
    {
      "title": "Тестовая книга",
      "author": "Я",
      "genres": [
        "JS"
      ],
      "rating": 10,
      "id": 7
    },
    {
      "title": "Тестовая книга",
      "author": "Я",
      "genres": [
        "JS"
      ],
      "rating": 10,
      "id": 8
    },
    {
      "title": "Большая тестовая книга по CSS",
      "author": "Я",
      "genres": [
        "CSS"
      ],
      "rating": 9,
      "id": 11
    },
    {
      "title": "Тестовая книга по CSS",
      "author": "Я",
      "genres": [
        "CSS"
      ],
      "rating": 9,
      "id": 12
    },
    {
      "title": "Большая новая тестовая книга по HTML",
      "author": "Я",
      "genres": [
        "HTML"
      ],
      "rating": 7,
      "id": 13
    },
    {
      "title": "Тестовая книга по HTML",
      "author": "Манго",
      "genres": [
        "HTML"
      ],
      "rating": 4,
      "id": 17
    },
    {
      "title": "Тестовая книга по CSS",
      "author": "Я",
      "genres": [
        "CSS"
      ],
      "rating": 1,
      "id": 18
    },
    {
      "title": "Большая новая книга по NODEJS",
      "author": "Я",
      "genres": [
        "HTML"
      ],
      "rating": 7,
      "id": 19
    },
    {
      "title": "Тестовая книга по CSS",
      "author": "Я",
      "genres": [
        "CSS"
      ],
      "rating": 9,
      "id": 20
    },
    {
      "title": "Тестовая книга по CSS",
      "author": "Я",
      "genres": [
        "CSS"
      ],
      "rating": 9,
      "id": 21
    }
  ]
}